Antibiotic Category,Total,Percent
Cefazolin,458092,0.879101731
Vancomycin,176966,0.33960671
Gram Negative Agent,43079,0.082670781
Clindamycin,24680,0.047362169
Other Cephalosporin,14663,0.028139039
Oral Antibiotic,8495,0.016302335
Piperacilln-Tazobactam,969,0.00185956
Penicillin,937,0.00179815
Carbapenem,609,0.001168702